name_work,slug
New Parker,new-parker
Ed. Boulevard,ed-boulevard
Ed. Levantina,ed-levantina
Ed. Morizono,ed-morizono
Tiree Itaim,tiree-itaim
Casa Ferraz,casa-ferraz
Ed. Leopoldo,ed-leopoldo
SP Loft IV,sp-loft-iv
Ed. Faria Lima,ed-faria-lima
Ed. Horácio Lafer,ed-horacio-lafer
Ed. Spraiada,ed-spraiada
Ed. 23 de Maio,ed-23-de-maio
Ed. Santo Augusto,ed-santo-augusto
Infinity,infinity
Boavista Shopping,boavista-shopping
Brascan Century Open Mall,brascan-century-open-mall
Central Plaza Shopping,central-plaza-shopping
Shopping Interlagos,shopping-interlagos
Continental Shopping Center,continental-shopping-center
Morumbi Shopping,morumbi-shopping
Raposo Shopping,raposo-shopping
Santana Parque Shopping,santana-parque-shopping
Shopping Analia Franco,shopping-analia-franco
Shopping Butantã,shopping-butanta
Shopping Eldorado,shopping-eldorado
Shopping Frei Caneca,shopping-frei-caneca
Shopping Ibirapuera,shopping-ibirapuera
Shopping Jardim Sul,shopping-jardim-sul
Shopping JK Iguatemi,shopping-jk-iguatemi
Shopping Metro Boulevard Tatuape,shopping-metro-boulevard-tatuape
Shopping Metrô Itaquera,shopping-metro-itaquera
Shopping Metrô Tatuape,shopping-metro-tatuape
Shopping Metrô Tucuruvi,shopping-metro-tucuruvi
Shopping Pátio Higienópolis,shopping-patio-higienopolis
Shopping Pátio Paulista,shopping-patio-paulista
Shopping Plaza Sul,shopping-plaza-sul
Shopping Sp Market,shopping-sp-market
Shopping Vila Olímpia,shopping-vila-olímpia
Shopping Villa - lobos,shopping-villa-lobos
West Plaza Shopping,west-plaza-shopping
